[{"id":"BUNNY_DRIP_PACK","name":"Bunny Drip Pack","description":"This exciting outfit bundle comes with 3 outfit color variations of Bunny Ears and Easter Vest Bundle.","type":"BUNDLE","consumable":false,"enabled":true,"rewardSoft":0,"rewardHard":0,"rewardResearchPoints":0,"rewardAvatarItems":["outfit_bunnydrip_blue","outfit_bunnydrip_pink","outfit_bunnydrip_yellow"],"rewardAvatarItemsFlat":["acc_fit_eastervest","acc_fit_eastervest_blue","acc_fit_eastervest_yellow","acc_fit_head_bunnyears","acc_fit_head_bunnyears_blue","acc_fit_head_bunnyears_yellow","outfit_bunnydrip_blue","outfit_bunnydrip_pink","outfit_bunnydrip_yellow"],"priceUSD":9.99},{"id":"CELESTIAL_CELEBRATION_PACK","name":"Celestial Celebration Pack","description":"A bigger Celebration Pack for the Lunar New Year of <color=#E4FF4A>\u00a25000</color> Company Coins and <color=#FF00EE>10</color> Research Points!","type":"BUNDLE","consumable":false,"enabled":false,"rewardSoft":0,"rewardHard":5000,"rewardResearchPoints":10,"rewardAvatarItems":[],"rewardAvatarItemsFlat":[],"priceUSD":19.99},{"id":"CURRENCY_LARGE","name":"Large Currency Pack","description":"5000 Company Coins","type":"CURRENCY","consumable":true,"enabled":true,"rewardSoft":0,"rewardHard":5000,"rewardResearchPoints":0,"rewardAvatarItems":[],"rewardAvatarItemsFlat":[],"priceUSD":19.99},{"id":"CURRENCY_MEDIUM","name":"Medium Currency Pack","description":"2200 Company Coins","type":"CURRENCY","consumable":true,"enabled":true,"rewardSoft":0,"rewardHard":2200,"rewardResearchPoints":0,"rewardAvatarItems":[],"rewardAvatarItemsFlat":[],"priceUSD":9.99},{"id":"CURRENCY_SMALL","name":"Small Currency Pack","description":"1000 Company Coins","type":"CURRENCY","consumable":true,"enabled":true,"rewardSoft":0,"rewardHard":1000,"rewardResearchPoints":0,"rewardAvatarItems":[],"rewardAvatarItemsFlat":[],"priceUSD":4.99},{"id":"DELTAHARE_BUNDLE","name":"Delta Hare Bundle","description":"Ready to sneak inside spooky places and retrieve secret treasures?! Meet Delta Hare\u2014complete with 4 stylish outfits, adorable floppy ears, and a hefty <color=#E4FF4A>\u00a210,000</color> Company Coins!","type":"BUNDLE","consumable":false,"enabled":true,"rewardSoft":0,"rewardHard":10000,"rewardResearchPoints":0,"rewardAvatarItems":["bp_head_rabbit_foldedear","bp_head_rabbit_lopear","character_delta_hare","outfit_deltahare_blue","outfit_deltahare_desert","outfit_deltahare_green","outfit_deltahare_snow"],"rewardAvatarItemsFlat":["acc_fit_face_glasses_eyepatch","acc_fit_face_glasses_eyepatch_desert","acc_fit_face_glasses_eyepatch_green","acc_fit_face_glasses_eyepatch_snow","acc_fit_head_headband","acc_fit_head_headband_desert","acc_fit_head_headband_red","acc_fit_head_headband_snow","acc_fit_sneakingsuit","acc_fit_sneakingsuit_desert","acc_fit_sneakingsuit_green","acc_fit_sneakingsuit_snow","animal_rabbit","bp_arm_l_rabbit","bp_arm_r_rabbit","bp_butt_rabbit","bp_eye_rabbit","bp_head_rabbit","bp_head_rabbit_foldedear","bp_head_rabbit_lopear","bp_tail_rabbit","bp_torso_rabbit","character_delta_hare","outfit_deltahare_blue","outfit_deltahare_desert","outfit_deltahare_green","outfit_deltahare_snow"],"priceUSD":29.99},{"id":"EXTRA_LARGE_CURRENCY_PACK","name":"Extra Large Currency Pack","description":"11000 Company Coins","type":"CURRENCY","consumable":true,"enabled":true,"rewardSoft":0,"rewardHard":11000,"rewardResearchPoints":0,"rewardAvatarItems":[],"rewardAvatarItemsFlat":[],"priceUSD":39.99},{"id":"FROG_BUNDLE","name":"Sigma Frog Bundle","description":"* Frog Body\n* Suit and Tie\n* Classic Headphones\n* <color=#E4FF4A>\u00a210,000</color> Company Coins","type":"BUNDLE","consumable":false,"enabled":false,"rewardSoft":0,"rewardHard":10000,"rewardResearchPoints":0,"rewardAvatarItems":["character_sigma_frog"],"rewardAvatarItemsFlat":["acc_fit_business_suit","acc_head_black_1984_headphones","animal_frog","bp_arm_l_frog","bp_arm_r_frog","bp_butt_frog","bp_eye_frog","bp_head_frog","bp_torso_frog","character_sigma_frog"],"priceUSD":29.99},{"id":"G.O.A.T_BUNDLE","name":"G.O.A.T Bundle","description":"Dominate the competition with style and charisma in the G.O.A.T. Character Bundle \u2014because legends aren\u2019t born; they\u2019re played.\n\n* Goat animal with 3 epic horns\n* 3 color variations of employee's suit & tie\n* <color=#E4FF4A>\u00a210,000</color> Company Coins","type":"BUNDLE","consumable":false,"enabled":true,"rewardSoft":0,"rewardHard":10000,"rewardResearchPoints":0,"rewardAvatarItems":["character_goat","character_goat_ram","character_goat_smallhorns"],"rewardAvatarItemsFlat":["acc_face_glasses_coolglasses","acc_fit_coolsuit","acc_fit_coolsuit_bluewhite","acc_fit_coolsuit_purplewhite","animal_goat","bp_arm_l_goat","bp_arm_r_goat","bp_butt_goat","bp_eye_goat","bp_head_goat","bp_head_goat_ramhorns","bp_head_goat_shorthorns","bp_tail_goat","bp_torso_goat","character_goat","character_goat_ram","character_goat_smallhorns","outfit_employee_suit_blue","outfit_employee_suit_gold","outfit_employee_suit_purple"],"priceUSD":29.99},{"id":"GRIM_GORILLA_BUNDLE","name":"Grim Gorilla Bundle","description":"* Skeleton Gorilla Animal\n* Skeleton Body Parts\n* Grim Reaper Robe\n* <color=#E4FF4A>\u00a210,000</color> Company Coins","type":"BUNDLE","consumable":false,"enabled":false,"rewardSoft":0,"rewardHard":10000,"rewardResearchPoints":0,"rewardAvatarItems":["character_grim_gorilla"],"rewardAvatarItemsFlat":["acc_fit_grimreaper","animal_skeletongorilla","bp_arm_l_skeletongorilla","bp_arm_r_skeletongorilla","bp_butt_skeletongorilla","bp_eye_skeletongorilla","bp_head_skeletongorilla","bp_torso_skeletongorilla","character_grim_gorilla"],"priceUSD":29.99},{"id":"HOLIDAY_COINS_BAG","name":"Holiday Coins Bag","description":"Snag a sack of 2,500 Company Coins for just $4.99 \u2013 a deal so good, even Santa's elves are jealous!","type":"BUNDLE","consumable":false,"enabled":false,"rewardSoft":0,"rewardHard":2500,"rewardResearchPoints":0,"rewardAvatarItems":[],"rewardAvatarItemsFlat":[],"priceUSD":4.99},{"id":"HOPPIN_HOODIE_PACK","name":"Hoppin Hoodies Pack","description":"Pack of 4 rabbit hoodies in color variations!","type":"BUNDLE","consumable":false,"enabled":true,"rewardSoft":0,"rewardHard":0,"rewardResearchPoints":0,"rewardAvatarItems":["outfit_bunny","outfit_bunny_blackwhite","outfit_bunny_blue","outfit_bunny_yellow"],"rewardAvatarItemsFlat":["acc_fit_bunnyoutfit","acc_fit_bunnyoutfit_blackwhite","acc_fit_bunnyoutfit_blue","acc_fit_bunnyoutfit_yellow","acc_nosetip_bunny","acc_nosetip_bunny_blackwhite","acc_nosetip_bunny_blue","acc_nosetip_bunny_yellow","outfit_bunny","outfit_bunny_blackwhite","outfit_bunny_blue","outfit_bunny_yellow"],"priceUSD":19.99},{"id":"LUCKY_PACK","name":"Lucky Envelope","description":"Enjoy St. Patrick's Day with a Lucky Envelope of <color=#E4FF4A>\u00a22,500</color> Company Coins","type":"BUNDLE","consumable":false,"enabled":true,"rewardSoft":0,"rewardHard":2500,"rewardResearchPoints":0,"rewardAvatarItems":[],"rewardAvatarItemsFlat":[],"priceUSD":4.99},{"id":"MOLE_A_TOV_BUNDLE","name":"Mole-A-Tov Bundle","description":"A fearless Miner Mole with 3 epic outfits, ready to dominate the caves. Plus, <color=#E4FF4A>\u00a210,000</color> Company Coins to snag seasonal fashion and must-have items. Let\u2019s dig in!","type":"BUNDLE","consumable":false,"enabled":false,"rewardSoft":0,"rewardHard":10000,"rewardResearchPoints":0,"rewardAvatarItems":["character_mole_a_tov","outfit_demolitionjumpsuit","outfit_demolitionjumpsuit_green","outfit_demolitionjumpsuit_red"],"rewardAvatarItemsFlat":["acc_face_goggles","acc_face_goggles_green","acc_face_goggles_red","acc_fit_demolitionjumpsuit","acc_fit_demolitionjumpsuit_green","acc_fit_demolitionjumpsuit_red","acc_head_minerhat","acc_head_minerhat_green","acc_head_minerhat_red","animal_mole","bp_arm_l_mole","bp_arm_r_mole","bp_butt_mole","bp_eye_mole","bp_head_mole","bp_tail_mole","bp_torso_mole","character_mole_a_tov","outfit_demolitionjumpsuit","outfit_demolitionjumpsuit_green","outfit_demolitionjumpsuit_red"],"priceUSD":29.99},{"id":"POLAR_PAWS_BUNDLE","name":"Polar Paws","description":"* Polar Bear Animal & Parts\n* Winter Goggles\n* Red Scarf\n* <color=#E4FF4A>\u00a22,000</color> Company Coins","type":"BUNDLE","consumable":false,"enabled":false,"rewardSoft":0,"rewardHard":2000,"rewardResearchPoints":0,"rewardAvatarItems":["character_polar_paws"],"rewardAvatarItemsFlat":["acc_fit_winterscarf","acc_head_winterglasses","animal_polarbear","bp_arm_l_polarbear","bp_arm_r_polarbear","bp_butt_polarbear","bp_eye_polarbear","bp_head_polarbear","bp_tail_polarbear","bp_torso_polarbear","character_polar_paws"],"priceUSD":9.99},{"id":"POT_OF_GOLD","name":"Pot of Gold Pack","description":"Grab your Pot of Gold to celebrate St. Patrick's day packed with <color=#E4FF4A>\u00a210,000</color> Company Coins","type":"BUNDLE","consumable":false,"enabled":true,"rewardSoft":0,"rewardHard":10000,"rewardResearchPoints":0,"rewardAvatarItems":[],"rewardAvatarItemsFlat":[],"priceUSD":19.99},{"id":"RED_ENVELOPE_PACK","name":"Red Envelope Pack","description":"Celebrate Lunar New Year with this Red Envelope Pack including <color=#E4FF4A>\u00a22200</color> Company Coins and <color=#FF00EE>4</color> Research Points","type":"BUNDLE","consumable":false,"enabled":false,"rewardSoft":0,"rewardHard":2200,"rewardResearchPoints":4,"rewardAvatarItems":[],"rewardAvatarItemsFlat":[],"priceUSD":9.99},{"id":"RESEARCH_PACK","name":"Research Starter Pack","description":"* <color=#FFFFFF>25,000</color> Nuts\n* <color=#FF00EE>12</color> Research Points","type":"BUNDLE","consumable":false,"enabled":true,"rewardSoft":25000,"rewardHard":0,"rewardResearchPoints":12,"rewardAvatarItems":[],"rewardAvatarItemsFlat":[],"priceUSD":9.99},{"id":"SHELLLONG_BUNDLE","name":"Shell Long Bundle","description":"Outsmart your opponents with the famous zen Kung Fu master! With 3 outfits, 4 different shells and <color=#E4FF4A>\u00a210,000</color> Company Coins, this is a one must-have bundle.","type":"BUNDLE","consumable":false,"enabled":true,"rewardSoft":0,"rewardHard":10000,"rewardResearchPoints":0,"rewardAvatarItems":["bp_torso_turtle_shell2","bp_torso_turtle_shell3","bp_torso_turtle_shell4","character_shelllong","outfit_kungfu_black","outfit_kungfu_blue"],"rewardAvatarItemsFlat":["acc_fit_kungfucoat","acc_fit_kungfucoat_black","acc_fit_kungfucoat_blue","acc_head_kungfuhat","acc_head_ricepattyhat","acc_head_ricepattyhat_blue","animal_turtle","bp_arm_l_turtle","bp_arm_r_turtle","bp_butt_turtle","bp_eye_turtle","bp_head_turtle","bp_torso_turtle","bp_torso_turtle_shell2","bp_torso_turtle_shell3","bp_torso_turtle_shell4","character_shelllong","outfit_kungfu_black","outfit_kungfu_blue","outfit_kungfu_orange"],"priceUSD":29.99},{"id":"SPRING_BLING_SUPER","name":"Spring Bling Super","description":"Spring Sale is here! Enjoy the spring with the Spring Bling Starter: <color=#E4FF4A>3,500</color> Company Coins and <color=#FF00EE>10</color> RP.","type":"BUNDLE","consumable":false,"enabled":true,"rewardSoft":0,"rewardHard":3500,"rewardResearchPoints":10,"rewardAvatarItems":[],"rewardAvatarItemsFlat":[],"priceUSD":9.99},{"id":"SPRING_BUNDLE_STARTER","name":"Spring Bling Starter","description":"Spring Sale is here! Enjoy the spring with the Spring Bling Starter: <color=#E4FF4A>1,500</color> Company Coins and <color=#FF00EE>4</color> RP.","type":"BUNDLE","consumable":false,"enabled":true,"rewardSoft":0,"rewardHard":1500,"rewardResearchPoints":4,"rewardAvatarItems":[],"rewardAvatarItemsFlat":[],"priceUSD":4.99},{"id":"SWAG_STAG_BUNDLE","name":"Swag Stag Bundle","description":"* Reindeer Animal\n* Reindeer Body Parts\n* Holiday Outfit\n* <color=#E4FF4A>\u00a210,000</color> Company Coins","type":"BUNDLE","consumable":false,"enabled":false,"rewardSoft":0,"rewardHard":10000,"rewardResearchPoints":0,"rewardAvatarItems":["character_swag_stag"],"rewardAvatarItemsFlat":["acc_face_glasses_holiday","acc_fit_holidaysuit","animal_reindeer","bp_arm_l_reindeer","bp_arm_r_reindeer","bp_butt_reindeer","bp_eye_reindeer","bp_head_reindeer","bp_tail_reindeer","bp_torso_reindeer","character_swag_stag"],"priceUSD":29.99},{"id":"TURKEY_HUNTER_BUNDLE","name":"Turkey Hunter Bundle","description":"* Turkey Animal\n* Turkey Body Parts\n* Hunter Outfit (Hat + Jacket)\n* <color=#E4FF4A>\u00a210,000</color> Company Coins","type":"BUNDLE","consumable":false,"enabled":false,"rewardSoft":0,"rewardHard":10000,"rewardResearchPoints":0,"rewardAvatarItems":["character_turkey_hunter"],"rewardAvatarItemsFlat":["acc_fit_turkeyhunter","acc_head_turkeyhunter","animal_turkey","bp_arm_l_turkey","bp_arm_r_turkey","bp_butt_turkey","bp_eye_turkey","bp_head_turkey","bp_tail_turkey","bp_torso_turkey","character_turkey_hunter"],"priceUSD":29.99},{"id":"VALENTINES_BUNDLE_A","name":"Valentine's Bundle Shirt and Glasses","description":"Spread the love while wearing this Valentine's shirt + glasses and rock <color=#E4FF4A>\u00a21000</color> coins on more items in Animal Company","type":"BUNDLE","consumable":false,"enabled":false,"rewardSoft":0,"rewardHard":1000,"rewardResearchPoints":0,"rewardAvatarItems":["outfit_valentines_youme"],"rewardAvatarItemsFlat":["acc_face_glasses_heart","acc_fit_tight_fit_blue_tshirt_heartshirt","outfit_valentines_youme"],"priceUSD":4.99},{"id":"VALENTINES_BUNDLE_B","name":"Valentines Suit and Rose Bundle","description":"Dress up like a true charmer with Valentine\u2019s Suit + Rose + <color=#E4FF4A>\u00a22200</color> coins. Love and style wait for no one. ","type":"BUNDLE","consumable":false,"enabled":false,"rewardSoft":0,"rewardHard":2200,"rewardResearchPoints":0,"rewardAvatarItems":["outfit_valentines_suit"],"rewardAvatarItemsFlat":["acc_fit_business_suit_heartsuit","acc_mouthcorner_rose","outfit_valentines_suit"],"priceUSD":9.99}]